Business Name,Main link,Email
Cabot Coast,cabotcoast.bookeddirectly.com,-
The Brexley,thebrexley.bookeddirectly.com,info@thebrexley.com
Hearth Hollow Homes,hearthhollowhomes.bookeddirectly.com,-
Dwella Mode,dwellamode.bookeddirectly.com,letsbook@dwellamode.co.uk
Escape Rentals,highlandhouse.bookeddirectly.com,stay@escape-rentals.com
Dog Creek Lodge,dogcreeklodge.bookeddirectly.com,dogcreeklodgemt@gmail.com
Upper Calffield Farm,uppercalffield.bookeddirectly.com,margaretkinlay@yahoo.com
Beard and Lady Inn,beardandladyinn.bookeddirectly.com,info@beardandlady.com
53 Degrees Property,53degreesproperty.bookeddirectly.com,bookings@53degreesproperty.com
The Gem House,the-gem-house.bookeddirectly.com,info@thegemhouse.co.uk
Luke Stays,luke-homes.bookeddirectly.com,ask@lukecapitalgroup.com
Air Three Sixty,airthreesixty.bookeddirectly.com,hello@airthreesixty.com
Blackpool Service Apartments,blackpool.bookeddirectly.com,peter@blackpoolserviceapartments.com
2 Sopot,2sopot-pl.bookeddirectly.com,go@2sopot.pl
Grenada Lake Resort,grenada-lake-resort-cabin-3.bookeddirectly.com,info@grenadalakeresorts.com
Pass the Property,passtheproperty.bookeddirectly.com,info@passtheproperty.co.uk
Hinter,hinter.bookeddirectly.com,reservations@hinter.com
Forth Stays,forthstays.bookeddirectly.com,ryan@forthstays.co.uk
20 Property Stays,20property-stays-booknow.bookeddirectly.com,info@20property-stays.co.uk
Dark Hotel,darkhotel.bookeddirectly.com,-
Stay Peak,staypeak.bookeddirectly.com,info@staypeak.co
Moving Castle,movingcastle.bookeddirectly.com,team@stayatmovingcastle.com
Ananta Sun,anantasunbookings.bookeddirectly.com,helpdesk@anantasun.com
Green Rose,greenrose.bookeddirectly.com,-
Sleepy Stays,sleepystays.bookeddirectly.com,-
Liv Property Rentals,liv-property.bookeddirectly.com,info@livproperty.rentals
Wonder Valley Hot Springs,wondervalleyhotsprings.bookeddirectly.com,soak@wondervalleyhotsprings.com
Stay Vanage,stayvanage.bookeddirectly.com,hello@stayvanage.com
Flop House,flophouse.bookeddirectly.com,hello@flophouse.com.au
V6 Properties,v6properties.bookeddirectly.com,info@v6properties.com
Green Leaf,greenleaf.bookeddirectly.com,info@greenleaf.cc
Sunshine Coast Central,sunshinecoastcentral.bookeddirectly.com,hello@sunshinecoastcentral.com.au
Maison De Campagne,maisondecampagne.bookeddirectly.com,info@maisondecampagne.com
Nativ,nativ.bookeddirectly.com,hej@nativ.dk
Grandeur Stays,grandeurstays.bookeddirectly.com,-
Rockmoor Villa,rockmoorvilla59.bookeddirectly.com,rockmoorvilla@gmail.com
Noki Stays,nokistays.bookeddirectly.com,bookings@nokistays.co.uk
Dakota Gal Digs,dakotagaldigs.bookeddirectly.com,julie@dakotagaldigs.com
Select Rentals,selectrentals.bookeddirectly.com,cj@selectrentals.net
Designer Rentals Miami,designerrentalsmiami.bookeddirectly.com,info@designerrentalsmiami.com
Melita Stays,melitastays.bookeddirectly.com,melitastays@beyoot.co.uk
York Getaways,yorkgetaways.bookeddirectly.com,-
Share My Casa,sharemycasa.bookeddirectly.com,reception@sharemycasa.com
Try Line,tryline.bookeddirectly.com,trylinemanagement115@gmail.com
Fort Treehouse Co,forttreehouseco.bookeddirectly.com,hello@forttreehouseco.com
The Historic Beverly,thehistoricbeverly.bookeddirectly.com,info@thehistoricbeverly.com
Canyon Properties,canyon-properties.bookeddirectly.com,info@canyon-advisors.com
Mayfield,myafieldbyoceander.bookeddirectly.com,booking@mayfieldbyoceander.com
Hilton Head,hhislandlife.bookeddirectly.com,HHIslandLifeRentals@gmail.com
Happy Home Stays,happyhomestays.bookeddirectly.com,-
Short Term Lettings,shorttermlettings.bookeddirectly.com,-
Alexandro Dream Homes,alexandro-dream-homes.bookeddirectly.com,hello@alexandrohomes.com
Diamond Short Lets,diamondshortlets.bookeddirectly.com,enquiries@diamondpss.co.uk
Trailside Lodging,trailsidelodging.bookeddirectly.com,stay@trailsidelodgingohio.com
Homely Spaces,homelyspaces.bookeddirectly.com,hello@homelyspaces.com
Isten Hozott,istenhozott.bookeddirectly.com,apartrun@gmail.com
Gemini Stays,geministays.bookeddirectly.com,contactus@chiswickvilla.co.uk
MyCataleya,mycataleya.bookeddirectly.com,info@mycataleya.com
ADK Stays,adkstays.bookeddirectly.com,jeff@adkstays.com
Jacksonville Beach Hospitality,nomadhospitality.bookeddirectly.com,nomadops@dacostarei.com
Opulent Living,opulentliving.bookeddirectly.com,Enquiries@opulentlivinguk.com
Magwell and Associates,magwellandassociates.bookeddirectly.com,magwellandassociates@gmail.com
Castle Property Group,castlepropertygroup.bookeddirectly.com,info@castlepropertygroup.co.uk
108 London,108london.bookeddirectly.com,-
Deer Creek Lodging,deercreeklodging.bookeddirectly.com,stay@deercreeklodging.com
Luxury Rentals,luxuryrentalsbymrskelley.bookeddirectly.com,mrskelley@flipwithmrskelley.com
Greenland Motel,thegreenlandmotel.bookeddirectly.com,-
El 55 Sayulita,el55sayulita.bookeddirectly.com,el55sayulita@gmail.com
GTHR Home,gthrhome.bookeddirectly.com,info@gthrhome.com
Kasitas,kasitas.bookeddirectly.com,-
Margate Suites,margatesuites.bookeddirectly.com,sweetdreams@margatesuites.co.uk
London Apartments,london-apartments.bookeddirectly.com,-
Ezy Property,ezyproperty.bookeddirectly.com,info@ezypropertysolution.co.uk
Pique Properties,piqueproperties.bookeddirectly.com,info@piquepropertiesinc.com
Blue Puffin Stays,bluepuffinstays.bookeddirectly.com,kate.carmichael@bluepuffin.co.uk
Awesome Properties,awesomeproperties.bookeddirectly.com,triplev@cox.net
Nest Your Head,nestyourhead.bookeddirectly.com,enquiries@nestyourhead.com
DNT Stays,dntstays.bookeddirectly.com,tomi@dntpropertysolutions.com
MK Properties,mkproperties.bookeddirectly.com,Mkproperties00@gmail.com
True Stays,truestays.bookeddirectly.com,hello@truestays.co.uk
Seven Dwarfs,sevendwarfs.bookeddirectly.com,booking@sevendwarfsvillasresort.com
Bungalows El Maguey,bungalowselmaguey.bookeddirectly.com,bungalowselmaguey@gmail.com
Ski In Out Park City Condos,thelodgeatmountainvillage.bookeddirectly.com,lodgeatmountainvillage@gmail.com
Desert ABB,desertabb.bookeddirectly.com,desertabb@gmail.com
Hipster Brighton,hipsterbrighton.bookeddirectly.com,info@hipsterbrighton.com
The Baches,danielleandkerry.bookeddirectly.com,mountrundlehideaway@gmail.com
Gepetto Ghent,gepettoghent.bookeddirectly.com,info@gepettoghent.be
Doug's Mountain Getaway,dougsmountaingetaway.bookeddirectly.com,contact@dougsmountaingetaway.com
Property Marks,propertymarks.bookeddirectly.com,email@propertymarksllc.com
Foxden Hospitality,foxden.bookeddirectly.com,hello@foxden.com
Good Life Vacays,goodlifevacays.bookeddirectly.com,goodlifevacays@gmail.com
Wise Stays,wisestays.bookeddirectly.com,office@bestrelocationservices.co.uk
Vacation Direct Rentals,vacationdirectrentals.bookeddirectly.com,-
1066 Holidays,1066holidays.bookeddirectly.com,enquiries@1066holidays.co.uk
SD Property Group,sdpropertygroup.bookeddirectly.com,hello@sdpropertygroup.co.uk
Vacanza,vacanza.bookeddirectly.com,info@vacanzanh.com
Auberge Incroyable,aubergeincroyable.bookeddirectly.com,info@aubergeincroyable.ca
New Wave Properties,newwaveproperties.bookeddirectly.com,info@newwavefl.com
RHJ Stays,rhjstays.bookeddirectly.com,hello@rhjstays.com
StayBNB,londonrentals.bookeddirectly.com,info@staybnb.com
City Dreamz,citydreamz.bookeddirectly.com,hello@citydreamz.com
Greetings From Your Home,greetingsfromyourhome.bookeddirectly.com,david@greetingsfromyourhome.com
Don Hoels Cabins,donhoelscabins.bookeddirectly.com,office.donhoels@gmail.com
The Wolf Rentals,thewolf.bookeddirectly.com,
,,
,,
,,
,,
,,
,,
,,
,,
,,
,,
,,
,,
,,
,,
,,
,,
,,
,,
,,
,,
,,
,,
,,
,,
,,
,,
,,
,,
,,
,,
,,
,,
,,
,,
,,
,,
,,
,,
,,
,,
,,
,,
,,
,,
,,
,,
,,
,,
,,
,,
,,
,,
,,
,,
,,
,,
,,
,,
,,
,,
,,
,,
,,
,,
,,
,,
,,
,,
,,
,,
,,
,,
,,
,,
,,
,,
,,
,,
,,
,,
,,
,,
,,
,,
,,
,,
,,
,,
,,
,,
,,
,,
,,
,,
,,
,,
,,
,,
,,
,,
,,
,,
,,
,,
,,
,,
,,
,,
,,
,,
,,
,,
,,
,,
,,
,,
,,
,,
,,
,,
,,
,,
,,
,,
,,
,,
,,
,,
,,
,,
,,
,,
,,
,,
,,
,,
,,
,,
,,
,,
,,
,,
,,
,,
,,
,,
,,
,,
,,
,,
,,
,,
,,
,,
,,
,,
,,
,,
,,
,,
,,
,,
,,
,,
,,
,,
,,
,,
,,
,,
,,
,,
,,
,,
,,
,,
,,
,,
,,
,,
,,
,,
,,
,,
,,
,,
,,
,,
,,
,,
,,
,,
,,
,,
,,
,,
,,
,,
,,
,,
,,
,,
,,
,,
,,
,,
,,
,,
,,
,,
,,
,,
,,
,,
,,
,,
,,
,,
,,
,,
,,
,,
,,
,,
,,
,,
,,
,,
,,
,,
,,
,,
,,
,,
,,
,,
,,
,,
,,
,,
,,
,,
,,
,,
,,
,,
,,
,,
,,
,,
,,
,,
,,
,,
,,
,,
,,
,,
,,
,,
,,
,,
,,
,,
,,
,,
,,
,,
,,
,,
,,
,,
,,
,,
,,
,,
,,
,,
,,
,,
,,
,,
,,
,,
,,
,,
,,
,,
,,
,,
,,
,,
,,
,,
,,
,,
,,
,,
,,
,,
,,
,,
,,
,,
,,
,,
,,
,,
,,
,,
,,
,,
,,
,,
,,
,,
,,
,,
,,
,,
,,
,,
,,
,,
,,
,,
,,
,,
,,
,,
,,
,,
,,
,,
,,
,,
,,
,,
,,
,,
,,
,,
,,
,,
,,
,,
,,
,,
,,
,,
,,
,,
,,
,,
,,
,,
,,
,,
,,
,,
,,
,,
,,
,,
,,
,,
,,
,,
,,
,,
,,
,,
,,
,,
,,
,,
,,
,,
,,
,,
,,
,,
,,
,,
,,
,,
,,
,,
,,
,,
,,
,,
,,
,,
,,
,,
,,
,,
,,
,,
,,
,,
,,
,,
,,
,,
,,
,,
,,
,,
,,
,,
,,
,,
,,
,,
,,
,,
,,
,,
,,
,,
,,
,,
,,
,,
,,
,,
,,
,,
,,
,,
,,
,,
,,
,,
,,
,,
,,
,,
,,
,,
,,
,,
,,
,,
,,
,,
,,
,,
,,
,,
,,
,,
,,
,,
,,
,,
,,
,,
,,
,,
,,
,,
,,
,,
,,
,,
,,
,,
,,
,,
,,
,,
,,
,,
,,
,,
,,
,,
,,
,,
,,
,,
,,
,,
,,
,,
,,
,,
,,
,,
,,
,,
,,
,,
,,
,,
,,
,,
,,
,,
,,
,,
,,
,,
,,
,,
,,
,,
,,
,,
,,
,,
,,
,,
,,
,,
,,
,,
,,
,,
,,
,,
,,
,,
,,
,,
,,
,,
,,
,,
,,
,,
,,
,,
,,
,,
,,
,,
,,
,,
,,
,,
,,
,,
,,
,,
,,
,,
,,
,,
,,
,,
,,
,,
,,
,,
,,
,,
,,
,,
,,
,,
,,
,,
,,
,,
,,
,,
,,
,,
,,
,,
,,
,,
,,
,,
,,
,,
,,
,,
,,
,,
,,
,,
,,
,,
,,
,,
,,
,,
,,
,,
,,
,,
,,
,,
,,
,,
,,
,,
,,
,,
,,
,,
,,
,,
,,
,,
,,
,,
,,
,,
,,
,,
,,
,,
,,
,,
,,
,,
,,
,,
,,
,,
,,
,,
,,
,,
,,
,,
,,
,,
,,
,,
,,
,,
,,
,,
,,
,,
,,
,,
,,
,,
,,
,,
,,
,,
,,
,,
,,
,,
,,
,,
,,
,,
,,
,,
,,
,,
,,
,,
,,
,,
,,
,,
,,
,,
,,
,,
,,
,,
,,
,,
,,
,,
,,
,,
,,
,,
,,
,,
,,
,,
,,
,,
,,
,,
,,
,,
,,
,,
,,
,,
,,
,,
,,
,,
,,
,,
,,
,,
,,
,,
,,
,,